[
  {
    "id": "/subscriptions/d6b56584-c63f-4621-b37b-6d0ce25f0fe2/resourceGroups/Idioma/providers/Microsoft.Resources/deployments/TextAnalyticsCreate-20250507095900/operations/AA4821286D06BFB6",
    "operationId": "AA4821286D06BFB6",
    "properties": {
      "provisioningOperation": "Create",
      "provisioningState": "Succeeded",
      "timestamp": "2025-05-07T13:01:57.8385966Z",
      "duration": "PT39.7029925S",
      "trackingId": "bac2953a-2646-48ec-9f50-83495cf1ee28",
      "statusCode": "OK",
      "targetResource": {
        "id": "/subscriptions/d6b56584-c63f-4621-b37b-6d0ce25f0fe2/resourceGroups/Idioma/providers/Microsoft.CognitiveServices/accounts/IdiomaDeLiguagem",
        "resourceType": "Microsoft.CognitiveServices/accounts",
        "resourceName": "IdiomaDeLiguagem"
      }
    }
  },
  {
    "id": "/subscriptions/d6b56584-c63f-4621-b37b-6d0ce25f0fe2/resourceGroups/Idioma/providers/Microsoft.Resources/deployments/TextAnalyticsCreate-20250507095900/operations/08584549839694504166",
    "operationId": "08584549839694504166",
    "properties": {
      "provisioningOperation": "EvaluateDeploymentOutput",
      "provisioningState": "Succeeded",
      "timestamp": "2025-05-07T13:01:57.8385966Z",
      "duration": "PT40.6248288S",
      "trackingId": "307fcb3c-a5a0-4ae1-b509-c1c995717150",
      "statusCode": "OK"
    }
  }
]