{
  "id": "/subscriptions/d6b56584-c63f-4621-b37b-6d0ce25f0fe2/resourceGroups/Idioma/providers/Microsoft.Resources/deployments/TextAnalyticsCreate-20250507095900",
  "name": "TextAnalyticsCreate-20250507095900",
  "type": "Microsoft.Resources/deployments",
  "properties": {
    "templateHash": "4820498124284826481",
    "parameters": {
      "storageEnabled": {
        "type": "Bool",
        "value": false
      },
      "searchEnabled": {
        "type": "Bool",
        "value": false
      },
      "azureSearchLocation": {
        "type": "String",
        "value": ""
      },
      "azureSearchSku": {
        "type": "String",
        "value": ""
      },
      "searchHostingMode": {
        "type": "String",
        "value": ""
      },
      "storageResourceName": {
        "type": "String",
        "value": ""
      },
      "storageLocation": {
        "type": "String",
        "value": "brazilsouth"
      },
      "storageSkuType": {
        "type": "String",
        "value": ""
      },
      "storageResourceGroupName": {
        "type": "String",
        "value": "Idioma"
      },
      "storageNewOrExisting": {
        "type": "String",
        "value": ""
      },
      "umiId": {
        "type": "String",
        "value": ""
      },
      "name": {
        "type": "String",
        "value": "IdiomaDeLiguagem"
      },
      "location": {
        "type": "String",
        "value": "brazilsouth"
      },
      "resourceGroupName": {
        "type": "String",
        "value": "Idioma"
      },
      "resourceGroupId": {
        "type": "String",
        "value": "/subscriptions/d6b56584-c63f-4621-b37b-6d0ce25f0fe2/resourceGroups/Idioma"
      },
      "sku": {
        "type": "String",
        "value": "F0"
      },
      "tagValues": {
        "type": "Object",
        "value": {}
      },
      "virtualNetworkType": {
        "type": "String",
        "value": "None"
      },
      "vnet": {
        "type": "Object",
        "value": {}
      },
      "ipRules": {
        "type": "Array",
        "value": []
      },
      "identity": {
        "type": "Object",
        "value": {
          "type": "SystemAssigned"
        }
      },
      "privateEndpoints": {
        "type": "Array",
        "value": []
      },
      "privateDnsZone": {
        "type": "String",
        "value": "privatelink.cognitiveservices.azure.com"
      },
      "isCommitmentPlanForDisconnectedContainerEnabled": {
        "type": "Bool",
        "value": false
      },
      "commitmentPlanForDisconnectedContainer": {
        "type": "Object",
        "value": {
          "current": {},
          "hostingModel": "DisconnectedContainer",
          "planType": "TA",
          "autoRenew": true
        }
      },
      "isCommitmentPlanForSummarizationEnabled": {
        "type": "Bool",
        "value": false
      },
      "commitmentPlanForSummarization": {
        "type": "Object",
        "value": {
          "current": {},
          "hostingModel": "DisconnectedContainer",
          "planType": "Summarization",
          "autoRenew": true
        }
      },
      "uniqueId": {
        "type": "String",
        "value": "877f8fea-c73c-4762-8385-3a85c16d2428"
      }
    },
    "mode": "Incremental",
    "debugSetting": {
      "detailLevel": "None"
    },
    "provisioningState": "Succeeded",
    "timestamp": "2025-05-07T13:02:38.9009311Z",
    "duration": "PT42.877237S",
    "correlationId": "3334bc8b-f403-4458-9c2a-697674915ade",
    "providers": [
      {
        "namespace": "Microsoft.CognitiveServices",
        "resourceTypes": [
          {
            "resourceType": "accounts",
            "locations": [
              "brazilsouth"
            ]
          }
        ]
      }
    ],
    "dependencies": [],
    "outputResources": [
      {
        "id": "/subscriptions/d6b56584-c63f-4621-b37b-6d0ce25f0fe2/resourceGroups/Idioma/providers/Microsoft.CognitiveServices/accounts/IdiomaDeLiguagem"
      }
    ],
    "validationLevel": "Template"
  },
  "tags": {}
}